user_input,output,flag,username,timestamp
"The current Amazon EC2 instance used in our application is experiencing performance issues, negatively impacting the application’s responsiveness and user experience. We need to investigate and address the performance problems to ensure optimal performance and meet our application’s requirements.","I can guide you through the troubleshooting process to identify and address the performance issues affecting your Amazon EC2 instance. Here are some steps you can take to investigate and improve the performance:

1. **Monitor System Metrics**: Start by monitoring key performance metrics such as CPU utilization, memory usage, disk I/O, and network traffic on the EC2 instance using Amazon CloudWatch. This can help you identify any resource bottlenecks or spikes that could be causing the performance issues.

2. **Check for Overutilization**: Ensure that the EC2 instance is not overutilized by comparing the current usage of CPU, memory, and other resources against the instance's specifications. Consider upgrading the instance type or adjusting resources as needed to meet the application's performance requirements.

3. **Optimize Application Configuration**: Review the application's configuration settings, database queries, and code to identify any inefficiencies or bottlenecks that could be impacting performance. Optimize the application settings and code to improve performance.

4. **Check Network and Disk Performance**: Evaluate the network throughput and disk performance of the EC2 instance to ensure they meet the application's demands. Consider optimizing network settings and using fast storage options like Amazon EBS Provisioned IOPS SSD volumes.

5. **Consider Auto Scaling**: Implement Auto Scaling to automatically adjust the number of EC2 instances based on demand. This can help distribute the workload more evenly and improve responsiveness during peak usage periods.

6. **Review Security Groups and Network Settings**: Ensure that security groups and network settings are configured correctly to allow necessary traffic and prevent any restrictions that could impact performance.

7. **Check for Unnecessary Background Processes**: Identify and stop any unnecessary background processes running on the EC2 instance that could be consuming resources and affecting performance.

8. **Perform Regular Maintenance and Updates**: Keep the EC2 instance and its software up to date by regularly applying patches and updates to improve performance and security.

By following these steps and conducting a thorough investigation of the performance issues, you can take steps to address the problems and optimize the performance of your Amazon EC2 instance for your application. Let me know if you need further assistance with any specific aspect of troubleshooting or optimizing your EC2 instance.",,,2024-04-10 10:25:13.013318
